case_id,criterion,pull,argument
C-1,requirements,predictive,"Формат пакета визначений наказом регулятора, а нові вимоги протягом півроку не з'являлися"
C-1,technology,adaptive,"API реєстру нове, його поведінка двічі змінювалась без оголошення, а документація неповна"
C-1,release_cost,predictive,"Пропущена дата подання спричиняє припис регулятора, а саму дату неможливо перенести"
C-1,customer,predictive,"Контактна особа відповідає через три-п'ять днів і не бере участі у щотижневих демо"
C-1,contract,predictive,"Fixed price прив'язує обсяг до технічного завдання, а зміни проходять додаткову угоду близько двох тижнів"
C-1,team,predictive,"Троє підрядників працюють за окремим графіком, а єдиний тестувальник ділиться з іншим проєктом"
C-2,requirements,adaptive,"Після кожної серії інтерв'ю беклог змінюється, а нові гіпотези регулярно замінюють заплановані функції"
C-2,technology,predictive,"Команда вже працювала з цим стеком, а платіжний провайдер має документацію та робочу пісочницю"
C-2,release_cost,predictive,"Помилка у комісіях або заставах призводить до неправильних списань, повернень і ризику гірших умов еквайрингу"
C-2,customer,adaptive,"Співзасновник присутній на щотижневих демо, відповідає за півгодини та одразу ухвалює рішення про обсяг"
C-2,contract,adaptive,"Обсяг не зафіксований, натомість команда має бюджет на дев'ять місяців і ціль зростання виручки"
C-2,team,adaptive,"П'ятеро працюють разом, не мають вузьких спеціалізацій і можуть брати будь-які задачі"
C-3,requirements,adaptive,"На демо постійно виявляються нові винятки, а три юристи мають різні версії реального процесу"
C-3,technology,predictive,"Стек виконавцю знайомий, тому основна технічна невизначеність пов'язана не з технологією розробки"
C-3,release_cost,predictive,"Помилка щомісячного нарахування потрапляє в бухгалтерію та може бути виявлена вже після платежів"
C-3,customer,adaptive,"Керівниця юридичного відділу щотижня доступна для демо і приводить своїх працівників для детального зворотного зв'язку"
C-3,contract,predictive,"Fixed price має незмінний річний бюджет, а зміну обсягу повинен погоджувати фінансовий директор"
C-3,team,adaptive,"Команда з чотирьох людей працює разом два роки та спокійно бере суміжні задачі"